isbn,genre,cover,title,authors,publisher,year,preco_medio,collection,volume,pages,type,preco_correto
9788582850749,Romance,https://raw.githubusercontent.com/a-ruivo/books_catalog/main/images/noites_brancas.jpg,Noites brancas,Fiódor Dostoievski,Penguin,2018,36.43,No collection,0,110,Collection,no
9788501014863,Romance,https://raw.githubusercontent.com/a-ruivo/books_catalog/main/images/o_estrangeiro.jpg,O Estrangeiro,Albert Camus,Record,2023,56.59,No collection,0,126,Collection,no
9788582850350,Romance,https://raw.githubusercontent.com/a-ruivo/books_catalog/main/images/dom_casmurro.jpg,Dom Casmurro,Machado de Assis,Penguin,2016,25.0,No collection,0,389,Collection,no
9788535913873,Contos,https://raw.githubusercontent.com/a-ruivo/books_catalog/main/images/a_cidade_ilhada.jpg,A cidade ilhada,Milton Hatoum,Companhia das Letras,2007,15.13,No collection,0,125,Collection,no
0,Teoria da literatura/linguística,https://raw.githubusercontent.com/a-ruivo/books_catalog/main/images/gramatica_latina.jpg,Grámatica Latina,Napoleão Mendes de Almeida,Saraiva,1968,337.53,No collection,0,538,Collection,no
9786558021506,Teoria da literatura/linguística,https://raw.githubusercontent.com/a-ruivo/books_catalog/main/images/carta_de_uma_orientadora.jpg,Carta de uma orientadora,Debora Diniz,Civilização Brasileira,2024,30.0,No collection,0,207,Collection,no
9788571640399,Romance,https://raw.githubusercontent.com/a-ruivo/books_catalog/main/images/relato_de_um_certo_oriente.jpg,Relato de um certo Oriente,Milton Hatoum,Companhia das Letras,2019,29.42,No collection,0,189,Collection,no
9788535916744,Contos,https://raw.githubusercontent.com/a-ruivo/books_catalog/main/images/obra_completa.jpg,Obra completa,Murilo Rubião,Companhia de bolso,2020,26.28,No collection,0,227,Collection,no
9788563560520,Romance,https://raw.githubusercontent.com/a-ruivo/books_catalog/main/images/quincas_borba.jpg,Quincas Borba,Machado de Assis,Penguin,2012,18.63,No collection,0,344,Collection,no
9788520927977,Infanto-juvenil,https://raw.githubusercontent.com/a-ruivo/books_catalog/main/images/as_melhores_historias_das_mil_e_uma_noites.jpg,As melhores histórias das mil e uma noites,Carlos Heitor Cony,Nova Fronteira,2012,17.16,No collection,0,241,Collection,no
9788501102126,Romance,https://raw.githubusercontent.com/a-ruivo/books_catalog/main/images/o_professor.jpg,O Professor,Cristovão Tezza,Record,2014,15.27,No collection,0,237,Collection,no
9788535926156,Crônicas,https://raw.githubusercontent.com/a-ruivo/books_catalog/main/images/o_poder_ultrajovem.jpg,O poder ultrajovem,Carlos Drummond de Andrade,Companhia das Letras,2009,19.48,No collection,0,238,Collection,no
853250812x,Romance,https://raw.githubusercontent.com/a-ruivo/books_catalog/main/images/a_hora_da_estrela.jpg,A hora da estrela,Clarice Lispector,Rocco,1998,40.59,No collection,0,87,Collection,no
9788571640597,Romance,https://raw.githubusercontent.com/a-ruivo/books_catalog/main/images/boca_do_inferno.jpg,Boca do Inferno,Ana Miranda,Companhia das Letras,2014,26.03,No collection,0,330,Collection,no
9788535922646,Romance,https://raw.githubusercontent.com/a-ruivo/books_catalog/main/images/a_ultima_quimera.jpg,A Última Quimera,Ana Miranda,Companhia das Letras,2016,18.52,No collection,0,323,Collection,no
8508073259,Romance,https://raw.githubusercontent.com/a-ruivo/books_catalog/main/images/a_reliquia.jpg,A Relíquia,Eça de Queirós,Ática,1999,14.42,Série Bom Livros,0,224,Collection,no
9788582850879,Romance,https://raw.githubusercontent.com/a-ruivo/books_catalog/main/images/euclides_da_cunha.jpg,Os Sertões,Euclides da Cunha,Penguin,2019,58.33,No collection,0,693,Collection,no
9788573263053,Romance,https://raw.githubusercontent.com/a-ruivo/books_catalog/main/images/os_demonios.jpg,Os Demônios,Fiódor Dostoievski,34,2004,102.5,No collection,0,699,Collection,no
9788573266467,Romance,https://raw.githubusercontent.com/a-ruivo/books_catalog/main/images/crime_e_castigo.jpg,Crime e Castigo,Fiódor Dostoievski,34,2024,87.24,No collection,0,591,Collection,no
9788573262711,Romance,https://raw.githubusercontent.com/a-ruivo/books_catalog/main/images/duas_narrativas_fantasticas__a_docil_e_o_sonho_de_um_homem_ridiculos.jpg,Duas narrativas fantásticas: a dócil e o sonho de um homem ridículos,Fiódor Dostoievski,34,2024,25.0,No collection,0,123,Collection,no
9788573262520,Romance,https://raw.githubusercontent.com/a-ruivo/books_catalog/main/images/nietotchka_niezvanova.jpg,Niétotchka Niezvânova,Fiódor Dostoievski,34,2022,39.79,No collection,0,219,Collection,no
9788573239415,Romance,https://raw.githubusercontent.com/a-ruivo/books_catalog/main/images/os_irmaoes_karamazov.jpg,Os irmãoes Karamázov,Fiódor Dostoievski,Martin Claret,2022,92.72,No collection,0,911,Collection,no
9788563560605,Romance,https://raw.githubusercontent.com/a-ruivo/books_catalog/main/images/o_jardim_secreto.jpg,O jardim secreto,Frances Hodgson Burnett,Penguin,2022,20.0,No collection,0,338,Collection,no
9788535909555,Romance,https://raw.githubusercontent.com/a-ruivo/books_catalog/main/images/a_revolucao_dos_bichos.jpg,A revolução dos bichos,George Orwell,Companhia das Letras,2021,25.39,No collection,0,147,Collection,no
0,Romance,https://raw.githubusercontent.com/a-ruivo/books_catalog/main/images/vidas_secas.jpg,Vidas secas,Graciliano Ramos,Record,1982,61.27,No collection,0,155,Collection,no
9788563560315,Romance,https://raw.githubusercontent.com/a-ruivo/books_catalog/main/images/madame_bovary.jpg,Madame Bovary,Gustave Flaubert,Penguin,2011,26.41,No collection,0,491,Collection,no
0,Romance,https://raw.githubusercontent.com/a-ruivo/books_catalog/main/images/moby_dick.jpg,Moby Dick,Herman Melville,Abril,1983,30.13,Moby Dick,10,375,Collection,no
9788582850107,Romance,https://raw.githubusercontent.com/a-ruivo/books_catalog/main/images/o_pai_goriot.jpg,O pai Goriot,Honoré de Blazac,Penguin,2015,30.0,No collection,0,307,Collection,no
9788501012074,Romance,https://raw.githubusercontent.com/a-ruivo/books_catalog/main/images/cem_anos_de_solidao.jpg,Cem anos de solidão,Gabriel García Márquez,Record,2014,41.76,No collection,0,446,Collection,no
0,Romance,https://raw.githubusercontent.com/a-ruivo/books_catalog/main/images/a_divina_comedia.jpg,A Divina Comédia,Dante Alighieri,Edigraf,1965,293.85,A Divina Comédia,10,260,Collection,no
0,Romance,https://raw.githubusercontent.com/a-ruivo/books_catalog/main/images/on_the_road.jpg,On The Road,Jack Kerouac,Brasiliense,1984,49.85,No collection,0,326,Collection,no
8571644756,Romance,https://raw.githubusercontent.com/a-ruivo/books_catalog/main/images/o_mundo_de_sofia.jpg,O Mundo de Sofia,Jostein Gaarder,Companhia das Letras,1996,31.82,No collection,0,555,Collection,no
9786558823063,Autoajuda,https://raw.githubusercontent.com/a-ruivo/books_catalog/main/images/a_solucao_mindfulness.jpg,A Solução Mindfulness,Ronald D. Siegel,Artmed,2025,90.0,No collection,0,358,Collection,no
9788595083561,Biografia,https://raw.githubusercontent.com/a-ruivo/books_catalog/main/images/blue_nights.jpg,Blue Nights,Joan Didion,Harper Collins,2011,28.3,No collection,0,187,Collection,no
8571644055,Romance,https://raw.githubusercontent.com/a-ruivo/books_catalog/main/images/cisnes_selvagens__tres_filhas_da_china.jpg,Cisnes Selvagens: três filhas da China,Jung Chang,Coma,1996,21.54,No collection,0,485,Collection,no
9788563560155,Romance,https://raw.githubusercontent.com/a-ruivo/books_catalog/main/images/orgulho_e_preconceito.jpg,Orgulho e Preconceito,Jane Austen,Coma,1990,20.84,No collection,0,569,Collection,no
9788535926279,Romance,https://raw.githubusercontent.com/a-ruivo/books_catalog/main/images/sombras_de_reis_barbudos.jpg,Sombras de Reis Barbudos,José J. Veiga,Companhia das Letras,2015,40.43,No collection,0,148,Collection,no
9788574481401,Romance,https://raw.githubusercontent.com/a-ruivo/books_catalog/main/images/o_livro_do_cha.jpg,O Livro do Chá,Kakuzo Okakura,Estação Liberdade,2015,26.95,No collection,0,148,Collection,no
9788568462966,Romance,https://raw.githubusercontent.com/a-ruivo/books_catalog/main/images/fascinacao.jpg,Fascinação,Luci Collin,Kotter,2019,45.7,No collection,0,227,Collection,no
9786586253818,Romance,https://raw.githubusercontent.com/a-ruivo/books_catalog/main/images/flores_matinais_colhidas_ao_entardecer.jpg,Flores matinais colhidas ao entardecer,Lu Xun,Unicamp,2022,97.9,No collection,0,237,Collection,no
9788535914306,Romance,https://raw.githubusercontent.com/a-ruivo/books_catalog/main/images/as_meninas.jpg,As Meninas,Lygia Faundes Telles,Unicamp,2021,33.26,No collection,0,301,Collection,no
9788535915389,Romance,https://raw.githubusercontent.com/a-ruivo/books_catalog/main/images/ciranda_de_pedra.jpg,Ciranda de Pedra,Lygia Faundes Telles,Companhia das Letras,2020,44.11,No collection,0,219,Collection,no
9788535917710,Romance,https://raw.githubusercontent.com/a-ruivo/books_catalog/main/images/verao_no_aquario.jpg,Verão no Aquário,Lygia Faundes Telles,Companhia das Letras,2020,42.0,No collection,0,231,Collection,no
9781324006572,Teoria da literatura/linguística,https://raw.githubusercontent.com/a-ruivo/books_catalog/main/images/journey_of_the_mind__how_thinking_emerged_from_chaos.jpg,Journey of the Mind: How Thinking Emerged from Chaos,Ogi Ogas,WW Norton,2022,0.0,No collection,0,448,Wishlist,no
9788563560933,Contos,https://raw.githubusercontent.com/a-ruivo/books_catalog/main/images/o_alienista.jpg,O alienista,Machado de Assis,Penguin,2021,40.16,No collection,0,99,Collection,no
9788575038413,Romance,https://raw.githubusercontent.com/a-ruivo/books_catalog/main/images/anna_karienina.jpg,Anna Kariênina,Liev Tolstói,Cosacnaify,2005,216.63,No collection,0,814,Collection,no
0,Romance,https://raw.githubusercontent.com/a-ruivo/books_catalog/main/images/ciume_da_morte.jpg,Ciúme da Morte,L. Romanowski,Parga,1977,34.57,No collection,0,346,Collection,no
978857326680,Romance,https://raw.githubusercontent.com/a-ruivo/books_catalog/main/images/o_mestre_e_margarida.jpg,O mestre e margarida,Mikhail Bulgákov,34,2017,73.67,No collection,0,404,Collection,no
9788540504370,Romance,https://raw.githubusercontent.com/a-ruivo/books_catalog/main/images/aos_7_e_aos_40.jpg,Aos 7 e aos 40,João Anzanello Carrascoza,Cosacnaify,2013,51.6,No collection,0,153,Collection,no
9788575031056,Romance,https://raw.githubusercontent.com/a-ruivo/books_catalog/main/images/leao_de_chacara.jpg,Leão de chácara,João Antônio,Cosacnaify,2002,19.28,No collection,0,181,Collection,no
0,Romance,https://raw.githubusercontent.com/a-ruivo/books_catalog/main/images/macunaima.jpg,Macunaíma,Mário de Andrade,Itatiaia,1983,33.96,No collection,0,135,Collection,no
8571644020,Romance,https://raw.githubusercontent.com/a-ruivo/books_catalog/main/images/um_caminho_no_mundo.jpg,Um caminho no mundo,V. S. Naipaul,Itatiaia,1994,11.56,No collection,0,335,Collection,no
0,Romance,https://raw.githubusercontent.com/a-ruivo/books_catalog/main/images/almas_mortas.jpg,Almas Mortas,N. V. Gógol,Abril,1972,21.89,Os imortais da literatura universal,420,449,Collection,no
9788561578350,Romance,https://raw.githubusercontent.com/a-ruivo/books_catalog/main/images/a_briga_dos_dois_ivans.jpg,A briga dos dois ivans,N. V. Gógol,Grua,2014,19.89,A arte da novela,0,91,Collection,no
9788571646896,Romance,https://raw.githubusercontent.com/a-ruivo/books_catalog/main/images/o_homem_que_confundiu_sua_mulher_com_um_chapeu.jpg,O homem que confundiu sua mulher com um chapéu,Oliver Sacks,Grua,2022,36.57,No collection,0,264,Collection,no
8587193465,Biografia,https://raw.githubusercontent.com/a-ruivo/books_catalog/main/images/memoria_de_um_anarquista_japones.jpg,Memória de um anarquista japonês,Osugi Sakae,Conrad,2002,24.76,Clássicos,0,181,Collection,no
8535904689,Romance,https://raw.githubusercontent.com/a-ruivo/books_catalog/main/images/meu_nome_e_vermelho.jpg,Meu nome é Vermelho,Orhan Pamuk,Conrad,2006,26.67,No collection,0,534,Collection,no
0,Romance,https://raw.githubusercontent.com/a-ruivo/books_catalog/main/images/a_ausencia.jpg,A ausência,Peter Handke,Rocco,1989,36.45,No collection,0,126,Collection,no
0,Romance,https://raw.githubusercontent.com/a-ruivo/books_catalog/main/images/o_tempo_redescoberto.jpg,O tempo redescoberto,Marcel Proust,Globo,1983,29.51,Em busca do tempo perdido,70,251,Collection,no
0,Romance,https://raw.githubusercontent.com/a-ruivo/books_catalog/main/images/sodoma_e_gomorra.jpg,Sodoma e Gomorra,Marcel Proust,Globo,1983,28.2,Em busca do tempo perdido,40,417,Collection,no
0,Romance,https://raw.githubusercontent.com/a-ruivo/books_catalog/main/images/a_prisoneira.jpg,A prisoneira,Marcel Proust,Globo,1983,33.16,Em busca do tempo perdido,50,355,Collection,no
0,Romance,https://raw.githubusercontent.com/a-ruivo/books_catalog/main/images/o_caminho_de_guermantes.jpg,O caminho de guermantes,Marcel Proust,Globo,1983,28.45,Em busca do tempo perdido,30,466,Collection,no
0,Romance,https://raw.githubusercontent.com/a-ruivo/books_catalog/main/images/no_caminho_de_swann.jpg,No caminho de swann,Marcel Proust,Globo,1983,24.7,Em busca do tempo perdido,10,352,Collection,no
0,Romance,https://raw.githubusercontent.com/a-ruivo/books_catalog/main/images/a_sombra_das_raparigas_em_flor.jpg,À sombra das raparigas em flor,Marcel Proust,Globo,1983,25.96,Em busca do tempo perdido,20,422,Collection,no
9788573265156,Outros,https://raw.githubusercontent.com/a-ruivo/books_catalog/main/images/o_livro_do_travesseiro.jpg,O livro do travesseiro,Sei Shônagon,34,2013,102.0,No collection,0,614,Collection,no
0,Romance,https://raw.githubusercontent.com/a-ruivo/books_catalog/main/images/lucia_mccartney.jpg,Lúcia McCartney,Rubem Fonseca,Círculo do livro,1969,21.78,No collection,0,272,Collection,no
0,Romance,https://raw.githubusercontent.com/a-ruivo/books_catalog/main/images/bufo___spallanzani.jpg,Bufo & Spallanzani,Rubem Fonseca,Companhia das Letras,1991,16.31,No collection,0,238,Collection,no
9788571640177,Romance,https://raw.githubusercontent.com/a-ruivo/books_catalog/main/images/vastas_emocoes_e_pensamentos_imperfeitos.jpg,Vastas emoções e pensamentos imperfeitos,Rubem Fonseca,Companhia das Letras,2008,23.18,No collection,0,287,Collection,no
9788579492,Romance,https://raw.githubusercontent.com/a-ruivo/books_catalog/main/images/a_redoma_de_vidro.jpg,A redoma de vidro,Sylvia Plath,Folha de São Paulo,2016,60.84,Grandes nomes da literatura,220,239,Collection,no
9788535912876,Romance,https://raw.githubusercontent.com/a-ruivo/books_catalog/main/images/os_versos_satanicos.jpg,Os versos satânicos,Salman Rushdie,Companhia de bolso,2008,32.22,No collection,0,597,Collection,no
9788576162285,Romance,https://raw.githubusercontent.com/a-ruivo/books_catalog/main/images/jardins_de_kensington.jpg,Jardins de Kensington,Rodrigo Fresán,Conrad,2007,27.73,No collection,0,516,Collection,no
9786558301967,Romance,https://raw.githubusercontent.com/a-ruivo/books_catalog/main/images/historia_da_menina_perdida.jpg,História da menina perdida,Elena Ferrante,Biblioteca Azul,2024,38.96,A amiga genial,40,487,Collection,no
9786558301929,Romance,https://raw.githubusercontent.com/a-ruivo/books_catalog/main/images/historia_de_quem_foge_e_de_quem_fica.jpg,História de quem foge e de quem fica,Elena Ferrante,Biblioteca Azul,2024,40.52,A amiga genial,30,422,Collection,no
9786558301936,Romance,https://raw.githubusercontent.com/a-ruivo/books_catalog/main/images/historia_do_novo_sobrenome.jpg,História do novo sobrenome,Elena Ferrante,Biblioteca Azul,2024,36.98,A amiga genial,20,479,Collection,no
9786558301912,Romance,https://raw.githubusercontent.com/a-ruivo/books_catalog/main/images/a_amiga_genial.jpg,A amiga genial,Elena Ferrante,Biblioteca Azul,2024,62.27,A amiga genial,10,338,Collection,no
9788571647992,Romance,https://raw.githubusercontent.com/a-ruivo/books_catalog/main/images/o_arco-iris_da_gravidade.jpg,O arco-íris da gravidade,Thomas Pynchon,Companhia das Letras,2017,241.27,No collection,0,731,Collection,no
9788594541970,Romance,https://raw.githubusercontent.com/a-ruivo/books_catalog/main/images/medicina_macabra.jpg,Medicina Macabra,Thomas Morris,Darkside,2020,73.57,No collection,0,421,Collection,no
8576160285,Romance,https://raw.githubusercontent.com/a-ruivo/books_catalog/main/images/54.jpg,54,Wu Ming,Darkside,2005,107.09,No collection,0,604,Collection,no
9788526241834,Romance,https://raw.githubusercontent.com/a-ruivo/books_catalog/main/images/a_megera_domada.jpg,A megera domada,William Shakespeare,Scipione,2009,22.54,No collection,0,119,Collection,no
0,Romance,https://raw.githubusercontent.com/a-ruivo/books_catalog/main/images/otelo.jpg,Otelo,William Shakespeare,Ediouro,2003,16.72,Universidade de bolso,0,138,Collection,no
9788582851425,Romance,https://raw.githubusercontent.com/a-ruivo/books_catalog/main/images/o_morro_dos_ventos_uivantes.jpg,O morro dos ventos uivantes,Emily Bronte,Penguin,2021,45.0,No collection,0,458,Collection,no
9786555112511,Romance,https://raw.githubusercontent.com/a-ruivo/books_catalog/main/images/o_senhor_dos_aneis.jpg,O Senhor dos Anéis,J. R. R. Tolkien,Harper Collins,2021,97.72,O Senhor dos Anéis,0,1374,Collection,no
0,Outros,https://raw.githubusercontent.com/a-ruivo/books_catalog/main/images/jardim_do_seu_neca.jpg,Jardim do Seu Neca,Ana Rocha,Polvilho,2022,24.22,No collection,0,100,Collection,no
9786555112894,Romance,https://raw.githubusercontent.com/a-ruivo/books_catalog/main/images/mabinogion.jpg,Mabinogion,Vários,Harper Collins,2021,63.67,Feéria Antiga,0,382,Collection,no
9786558380016,Romance,https://raw.githubusercontent.com/a-ruivo/books_catalog/main/images/filha_da_fortuna.jpg,Filha da fortuna,Isabel Allende,Bertrand Brasil,2020,29.32,No collection,0,439,Collection,no
9786558380023,Romance,https://raw.githubusercontent.com/a-ruivo/books_catalog/main/images/a_ilha_sob_o_mar.jpg,A ilha sob o mar,Isabel Allende,Bertrand Brasil,2020,31.29,No collection,0,526,Collection,no
9786558380009,Romance,https://raw.githubusercontent.com/a-ruivo/books_catalog/main/images/a_casa_dos_espiritos.jpg,A casa dos espíritos,Isabel Allende,Bertrand Brasil,2020,34.03,No collection,0,503,Collection,no
9781481465588,Romance,https://raw.githubusercontent.com/a-ruivo/books_catalog/main/images/the_books_of_earthsea__the_complete_illustrated_edition.jpg,The books of earthsea: the complete illustrated edition,Ursula K. Le Guin,Saga Press,2018,152.02,The books of earthsea,0,992,Collection,no
9788566636543,Outros,https://raw.githubusercontent.com/a-ruivo/books_catalog/main/images/twin_peaks.jpg,Twin Peaks,Brad Dukes,Darkside,2017,49.18,No collection,0,317,Collection,no
9786589132684,Romance,https://raw.githubusercontent.com/a-ruivo/books_catalog/main/images/brandon_sanderson.jpg,Brandon Sanderson,Brandon Sanderson,Trama,2010,160.1,Os relatos da guerra das tempestades,10,1238,Collection,no
9786589912613,Outros,https://raw.githubusercontent.com/a-ruivo/books_catalog/main/images/o_grande_livro_dos_vampiros.jpg,O grande livro dos vampiros,Stephen Jones,Pipoca e Nanquim,2021,50.0,No collection,0,713,Collection,no
9788576574484,Romance,https://raw.githubusercontent.com/a-ruivo/books_catalog/main/images/a_mao_esquerda_da_escuridao.jpg,A mão esquerda da escuridão,Stephen Jones,Aleph,2019,57.44,No collection,0,300,Collection,no
9788576574583,Romance,https://raw.githubusercontent.com/a-ruivo/books_catalog/main/images/os_despossuidos.jpg,Os despossuídos,Ursula K. Le Guin,Aleph,2019,88.22,No collection,0,379,Collection,no
9781473209329,Romance,https://raw.githubusercontent.com/a-ruivo/books_catalog/main/images/the_slow_regard_of_silent_things.jpg,The slow regard of silent things,Patrick Rothfuss,Gollancz,2014,63.68,No collection,0,159,Collection,no
9788578500085,Cozinha,https://raw.githubusercontent.com/a-ruivo/books_catalog/main/images/a_cozinheira_e_o_guloso.jpg,A cozinheira e o guloso,Mazzo França Pinto,BEI,2008,53.06,No collection,0,213,Collection,no
9786555372410,Cozinha,https://raw.githubusercontent.com/a-ruivo/books_catalog/main/images/gilmore_girls__o_livro_de_receitas_oficial.jpg,Gilmore Girls: o livro de receitas oficial,Kristen Mulrooney,Belas Letras,2022,90.0,No collection,0,175,Collection,no
9781974724468,Cozinha,https://raw.githubusercontent.com/a-ruivo/books_catalog/main/images/one_piece__pirate_recipes.jpg,One Piece: pirate recipes,Nami Iijima,Viz Media,2012,41.56,No collection,0,95,Collection,no
0,Cozinha,https://raw.githubusercontent.com/a-ruivo/books_catalog/main/images/cozinhar_com_microondas.jpg,Cozinhar com microondas,Marlene Bispo dos Santos,Hamburg,1960,14.08,No collection,0,122,Collection,no
9786586284430,Quadrinhos,https://raw.githubusercontent.com/a-ruivo/books_catalog/main/images/toppi__fabulas_do_velho_mundo.jpg,Toppi: fábulas do velho mundo,Toppi,Skript,2021,100.0,No collection,0,106,Collection,no
9786500279238,Quadrinhos,https://raw.githubusercontent.com/a-ruivo/books_catalog/main/images/por_um_fio.jpg,Por um fio,Will Rez,Kitembo,2021,25.17,No collection,0,100,Collection,no
97865555140927,Quadrinhos,https://raw.githubusercontent.com/a-ruivo/books_catalog/main/images/lazarus.jpg,Lazarus,Greg Rucka,Devir,2022,57.1,Lazarus,50,138,Collection,no
9786525917542,Quadrinhos,https://raw.githubusercontent.com/a-ruivo/books_catalog/main/images/spawn_especial__visita_ao_inferno.jpg,Spawn especial: visita ao inferno,Alan Moore,Panini,2020,64.9,Spawn Especial,0,100,Collection,no
9771413335003,Quadrinhos,https://raw.githubusercontent.com/a-ruivo/books_catalog/main/images/spawn.jpg,Spawn 11,Todd McFarlane,Abril,1997,29.9,Spawn,110,100,Collection,no
9771516361008,Quadrinhos,https://raw.githubusercontent.com/a-ruivo/books_catalog/main/images/spawn__a_origem_de_angela.jpg,Spawn: A origem de Ângela,Alan McElroy,Abril,1999,21.32,A maldição do Spawn,10,100,Collection,no
9771413336003,Quadrinhos,https://raw.githubusercontent.com/a-ruivo/books_catalog/main/images/spawn_90.jpg,Spawn 90,Todd McFarlane,Abril,2000,15.0,Spawn,900,100,Collection,no
9781524860677,Quadrinhos,https://raw.githubusercontent.com/a-ruivo/books_catalog/main/images/fangs.jpg,Fangs,Sarah Andersen,Andrews McMeel,2020,162.0,No collection,0,98,Collection,no
9786589912132,Quadrinhos,https://raw.githubusercontent.com/a-ruivo/books_catalog/main/images/dente_de_leite.jpg,Dente de leite,Patrick Martins,Pipoca e Nanquim,2020,36.95,No collection,0,169,Collection,no
9788576163398,Quadrinhos,https://raw.githubusercontent.com/a-ruivo/books_catalog/main/images/genesis.jpg,Gênesis,Robert Crumb,Conrad,2009,26.69,No collection,0,211,Collection,no
0,Quadrinhos,https://raw.githubusercontent.com/a-ruivo/books_catalog/main/images/ciencia_maldita.jpg,Ciência Maldita,Velha Cosmo,Pé de cabra,2020,35.0,No collection,0,100,Collection,no
0,Quadrinhos,https://raw.githubusercontent.com/a-ruivo/books_catalog/main/images/revista_pe_de_cabra_5.jpg,Revista Pé de Cabra 5,Vários,Pé de cabra,2023,24.45,Revista Pé de Cabra,50,144,Collection,no
0,Quadrinhos,https://raw.githubusercontent.com/a-ruivo/books_catalog/main/images/revista_pe_de_cabra_2.jpg,Revista Pé de Cabra 2,Vários,Pé de cabra,2019,24.45,Revista Pé de Cabra,20,102,Collection,no
0,Quadrinhos,https://raw.githubusercontent.com/a-ruivo/books_catalog/main/images/revista_pe_de_cabra_4.jpg,Revista Pé de Cabra 4,Vários,Pé de cabra,2022,24.45,Revista Pé de Cabra,40,168,Collection,no
0,Quadrinhos,https://raw.githubusercontent.com/a-ruivo/books_catalog/main/images/notas_do_underground.jpg,Notas do Underground,Pedro D'apremont,Pé de cabra,2022,25.08,No collection,0,43,Collection,no
9786558032793,Quadrinhos,https://raw.githubusercontent.com/a-ruivo/books_catalog/main/images/o_pacto_da_letargia.jpg,O pacto da letargia,Miguelanxo Prado,Conrad,2022,44.75,No collection,0,101,Collection,no
9786525926742,Quadrinhos,https://raw.githubusercontent.com/a-ruivo/books_catalog/main/images/invencivel_1.jpg,Invencível 1,Robert Kirkman,Panini,2025,78.5,Invencível,10,102,Collection,no
9786525924731,Quadrinhos,https://raw.githubusercontent.com/a-ruivo/books_catalog/main/images/invencivel_2.jpg,Invencível 2,Robert Kirkman,Panini,2025,35.0,Invencível,20,106,Collection,no
9780857624475,Quadrinhos,https://raw.githubusercontent.com/a-ruivo/books_catalog/main/images/frankenstein.jpg,Frankenstein,Mary Shelley,Quarto,2017,33.47,No collection,0,160,Collection,no
9786558031345,Quadrinhos,https://raw.githubusercontent.com/a-ruivo/books_catalog/main/images/goya_saturnalia.jpg,Goya Saturnália,Manuel Gutiérrez,Quarto,2023,93.68,No collection,0,133,Collection,no
9788576163299,Quadrinhos,https://raw.githubusercontent.com/a-ruivo/books_catalog/main/images/melodia_infernal_1.jpg,Melodia Infernal 1,Lu Ming,Conrad,2009,11.47,Melodia Infernal,10,141,Collection,no
0,Quadrinhos,https://raw.githubusercontent.com/a-ruivo/books_catalog/main/images/liget_3.jpg,Liget 3,KZ,Incompleta,2019,30.0,Liget,30,31,Collection,no
0,Quadrinhos,https://raw.githubusercontent.com/a-ruivo/books_catalog/main/images/liget_4.jpg,Liget 4,KZ,Incompleta,2020,15.0,Liget,40,31,Collection,no
0,Quadrinhos,https://raw.githubusercontent.com/a-ruivo/books_catalog/main/images/liget_5.jpg,Liget 5,KZ,Incompleta,2021,20.0,Liget,50,31,Collection,no
0,Quadrinhos,https://raw.githubusercontent.com/a-ruivo/books_catalog/main/images/liget_1.jpg,Liget 1,KZ,Incompleta,2018,20.0,Liget,10,31,Collection,no
0,Quadrinhos,https://raw.githubusercontent.com/a-ruivo/books_catalog/main/images/liget_2.jpg,Liget 2,KZ,Incompleta,2018,20.0,Liget,20,31,Collection,no
0,Quadrinhos,https://raw.githubusercontent.com/a-ruivo/books_catalog/main/images/liget_5_5.jpg,Liget 5.5,KZ,Incompleta,2021,20.0,Liget,55,31,Collection,no
0,Quadrinhos,https://raw.githubusercontent.com/a-ruivo/books_catalog/main/images/um_sussurro_nas_trevas.jpg,Um sussurro nas trevas,H. P. Lovecraft,Skript,2021,35.0,No collection,0,117,Collection,no
0,Quadrinhos,https://raw.githubusercontent.com/a-ruivo/books_catalog/main/images/o_habitante_das_trevas.jpg,O habitante das trevas,H. P. Lovecraft,Skript,2020,69.5,No collection,0,78,Collection,no
0,Quadrinhos,https://raw.githubusercontent.com/a-ruivo/books_catalog/main/images/sob_as_piramides.jpg,Sob as pirâmides,H. P. Lovecraft,Skript,2022,39.9,No collection,0,114,Collection,no
0,Quadrinhos,https://raw.githubusercontent.com/a-ruivo/books_catalog/main/images/o_chamado_de_cthulhu.jpg,O chamado de cthulhu,H. P. Lovecraft,Skript,2019,34.98,No collection,0,87,Collection,no
0,Quadrinhos,https://raw.githubusercontent.com/a-ruivo/books_catalog/main/images/garfield_at_large.jpg,Garfield at large,Jim Davis,Learning Publishing,1978,190.5,Garfield,0,126,Collection,no
0,Quadrinhos,https://raw.githubusercontent.com/a-ruivo/books_catalog/main/images/garfield_beefs_up.jpg,Garfield beefs up,Jim Davis,Ballantine,2000,35.24,Garfield,370,93,Collection,no
0,Quadrinhos,https://raw.githubusercontent.com/a-ruivo/books_catalog/main/images/dead_boy_detectives.jpg,Dead Boy detectives,Jill Thompson,Ballantine,2005,29.96,No collection,0,140,Collection,no
0,Quadrinhos,https://raw.githubusercontent.com/a-ruivo/books_catalog/main/images/morte_a_festa.jpg,Morte a festa,Jill Thompson,Conrad,2004,40.74,No collection,0,215,Collection,no
0,Quadrinhos,https://raw.githubusercontent.com/a-ruivo/books_catalog/main/images/nunca_se_esqueca.jpg,Nunca se esqueça,Ryan Andrews,Conrad,2023,25.0,No collection,0,132,Collection,no
0,Quadrinhos,https://raw.githubusercontent.com/a-ruivo/books_catalog/main/images/a_casta_dos_metabaroes_1.jpg,A casta dos metabarões 1,Jodorowsky,Pipoca e Nanquim,2022,79.0,Metabarões,10,249,Collection,no
0,Quadrinhos,https://raw.githubusercontent.com/a-ruivo/books_catalog/main/images/a_casta_dos_metabaroes_2.jpg,A casta dos metabarões 2,Jodorowsky,Pipoca e Nanquim,2023,79.0,Metabarões,20,259,Collection,no
0,Quadrinhos,https://raw.githubusercontent.com/a-ruivo/books_catalog/main/images/as_armas_dos_metabaroes.jpg,As armas dos metabarões,Jodorowsky,Pipoca e Nanquim,2023,149.19,Metabarões,30,173,Collection,no
0,Quadrinhos,https://raw.githubusercontent.com/a-ruivo/books_catalog/main/images/o_papa_terrivel.jpg,O papa terrível,Jodorowsky,Conrad,2024,70.0,No collection,0,220,Collection,no
0,Quadrinhos,https://raw.githubusercontent.com/a-ruivo/books_catalog/main/images/grande_sertao_veredas.jpg,Grande sertão veredas,João Guimarães Rosa,Quadrinhos na cia,2021,99.9,No collection,0,160,Collection,no
0,Quadrinhos,https://raw.githubusercontent.com/a-ruivo/books_catalog/main/images/spawn_especial__feudo_de_sangue.jpg,Spawn especial: feudo de sangue,Alan Moore,Panini,2020,52.34,Spawn Especial,0,32,Collection,no
0,Quadrinhos,https://raw.githubusercontent.com/a-ruivo/books_catalog/main/images/weird_comix.jpg,Weird Comix 12,Fabio Vermelho,Weird Works,2022,21.41,Weird Comix,120,48,Collection,no
0,Quadrinhos,https://raw.githubusercontent.com/a-ruivo/books_catalog/main/images/weird_comix_11.jpg,Weird Comix 11,Fabio Vermelho,Weird Works,2021,21.83,Weird Comix,110,48,Collection,no
0,Quadrinhos,https://raw.githubusercontent.com/a-ruivo/books_catalog/main/images/ellas_iban__sin_sombrero.jpg,Ellas iban: Sin Sombrero,Carolina Corvillo,Ponent Mon,2023,500.0,No collection,0,101,Collection,yes
0,Quadrinhos,https://raw.githubusercontent.com/a-ruivo/books_catalog/main/images/o_setimo_suspiro_do_samurai.jpg,O sétimo suspiro do samurai,Éric Adam,Conrad,2006,36.69,No collection,0,110,Collection,no
0,Quadrinhos,https://raw.githubusercontent.com/a-ruivo/books_catalog/main/images/beasts_of_burden__rituais_animais.jpg,Beasts of burden: rituais animais,Evan Dorkin,Dark Horse,2017,100.0,Beasts of Burden,0,170,Collection,no
0,Quadrinhos,https://raw.githubusercontent.com/a-ruivo/books_catalog/main/images/beasts_of_burden__guardioes_da_vizinhanca.jpg,Beasts of burden: guardiões da vizinhança,Evan Dorkin,Dark Horse,2020,80.0,Beasts of Burden,0,181,Collection,no
0,Quadrinhos,https://raw.githubusercontent.com/a-ruivo/books_catalog/main/images/mouse_guard__o_cuidador_de_coruja_e_outras_historias.jpg,Mouse Guard: o cuidador de coruja e outras histórias,David Petersen,Conrad,2024,12.84,Mouse Guard,0,100,Collection,no
0,Quadrinhos,https://raw.githubusercontent.com/a-ruivo/books_catalog/main/images/mouse_guard__outono_de_1152.jpg,Mouse Guard: outono de 1152,David Petersen,Conrad,2021,117.91,Mouse Guard,0,180,Collection,no
0,Quadrinhos,https://raw.githubusercontent.com/a-ruivo/books_catalog/main/images/mouse_guard__inverno_de_1152.jpg,Mouse Guard: inverno de 1152,David Petersen,Conrad,2023,89.78,Mouse Guard,0,180,Collection,no
0,Quadrinhos,https://raw.githubusercontent.com/a-ruivo/books_catalog/main/images/por_mais_um_dia_com_zapata.jpg,Por mais um dia com zapata,Daniel Esteves,Zapata,2015,42.3,No collection,0,132,Collection,no
0,Quadrinhos,https://raw.githubusercontent.com/a-ruivo/books_catalog/main/images/peepland_2.jpg,Peepland 2,Christina Faust,Skript,2022,47.77,Peepland,20,136,Collection,no
0,Quadrinhos,https://raw.githubusercontent.com/a-ruivo/books_catalog/main/images/big_baby.jpg,Big Baby,Charles Burns,Darkside,2019,34.3,No collection,0,113,Collection,no
0,Quadrinhos,https://raw.githubusercontent.com/a-ruivo/books_catalog/main/images/a_lenda_de_korra__guerra_territorial.jpg,A lenda de korra: guerra territorial,Bryan Konietzko,Intrínseca,2023,30.0,A lenda de korra,0,240,Collection,no
0,Quadrinhos,https://raw.githubusercontent.com/a-ruivo/books_catalog/main/images/bichos.jpg,Bichos,Daniel Esteves,Zapata,2022,15.0,No collection,0,30,Collection,no
0,Quadrinhos,https://raw.githubusercontent.com/a-ruivo/books_catalog/main/images/alho_poro.jpg,Alho poró,Bianca Pinheiro,Conrad,2022,30.38,No collection,0,72,Collection,no
0,Quadrinhos,https://raw.githubusercontent.com/a-ruivo/books_catalog/main/images/o_cortico.jpg,O cortiço,Aluísio Azevedo,Ática,2013,15.24,Clássicos brasileiros em HQ,0,80,Collection,no
0,Quadrinhos,https://raw.githubusercontent.com/a-ruivo/books_catalog/main/images/mulheres_caidas.jpg,Mulheres caídas,Aline Daka,Skript,2021,69.58,No collection,0,100,Collection,no
0,Quadrinhos,https://raw.githubusercontent.com/a-ruivo/books_catalog/main/images/honey_buzzard_o_retorno_da_ave_de_rapina.jpg,Honey buzzard o retorno da ave de rapina,Aimée de Jongh,Conrad,2023,66.17,No collection,0,168,Collection,no
0,Quadrinhos,https://raw.githubusercontent.com/a-ruivo/books_catalog/main/images/calvin_e_haroldo_felino_selvagem_psicopata_homicida.jpg,Calvin e Haroldo felino selvagem psicopata homicida,Bill Watterson,Best,1996,60.0,Calvin e Haroldo,1,88,Collection,no
0,Quadrinhos,https://raw.githubusercontent.com/a-ruivo/books_catalog/main/images/creepy_contos_classicos_de_terror_1.jpg,Creepy contos clássicos de terror 1,Vários,Devir,2020,90.09,Creepy contos clássicos de terror,1,246,Collection,no
0,Quadrinhos,https://raw.githubusercontent.com/a-ruivo/books_catalog/main/images/terra_australis.jpg,Terra Australis,Agustín Graham Nakamura,Conrad,2021,29.89,No collection,0,176,Collection,no
0,Quadrinhos,https://raw.githubusercontent.com/a-ruivo/books_catalog/main/images/perramus_dente_por_dente.jpg,Perramus dente por dente,Alberto Breccia,Globo,2009,28.48,No collection,0,152,Collection,no
0,Quadrinhos,https://raw.githubusercontent.com/a-ruivo/books_catalog/main/images/dias_de_areia.jpg,Dias de areia,Aimée de Jongh,Nemo,2022,49.94,No collection,0,271,Collection,no
0,Quadrinhos,https://raw.githubusercontent.com/a-ruivo/books_catalog/main/images/taxi__historias_passageiras.jpg,Táxi! histórias passageiras,Aimée de Jongh,Conrad,2022,53.0,No collection,0,96,Collection,no
0,Quadrinhos,https://raw.githubusercontent.com/a-ruivo/books_catalog/main/images/sata_amigo_das_criancas_boas.jpg,Satã amigo das crianças boas,Allan Sieber,Veneta,2020,20.0,No collection,0,50,Collection,no
0,Quadrinhos,https://raw.githubusercontent.com/a-ruivo/books_catalog/main/images/o_menino_de_ouro_e_a_caixa_de_alcebias.jpg,O menino de ouro e a caixa de alcebias,Greg Stella,Veneta,2024,105.75,HQ para todos,0,32,Collection,no
0,Quadrinhos,https://raw.githubusercontent.com/a-ruivo/books_catalog/main/images/primo.jpg,Primo,Eduardo Medeiros,Conrad,2023,48.7,HQ para todos,0,32,Collection,no
0,Quadrinhos,https://raw.githubusercontent.com/a-ruivo/books_catalog/main/images/pre_o_dram_da_escolinha.jpg,Pré o dram da escolinha,Max Andrade,Conrad,2023,11.92,HQ para todos,0,32,Collection,no
0,Quadrinhos,https://raw.githubusercontent.com/a-ruivo/books_catalog/main/images/feliz_aniversario_feliz_obiturario.jpg,Feliz aniversário feliz obiturário,Rafael Calça,Conrad,2023,10.0,HQ para todos,0,32,Collection,no
0,Quadrinhos,https://raw.githubusercontent.com/a-ruivo/books_catalog/main/images/mayara_e_annabelle_e_a_carreta_fantasma.jpg,Mayara e Annabelle e a carreta fantasma,Pablo Casado,Conrad,2023,11.5,HQ para todos,0,32,Collection,no
0,Quadrinhos,https://raw.githubusercontent.com/a-ruivo/books_catalog/main/images/amarelo_seletivo.jpg,Amarelo seletivo,Ricardo Tayra,Conrad,2024,11.25,HQ para todos,0,32,Collection,no
0,Quadrinhos,https://raw.githubusercontent.com/a-ruivo/books_catalog/main/images/a_insustentavel_leveza_do_ser.jpg,A insustentável leveza do ser,Laerte,Conrad,2024,11.21,HQ para todos,0,32,Collection,no
0,Quadrinhos,https://raw.githubusercontent.com/a-ruivo/books_catalog/main/images/ato_5.jpg,Ato 5,André Diniz,Conrad,2024,10.0,HQ para todos,0,32,Collection,no
0,Quadrinhos,https://raw.githubusercontent.com/a-ruivo/books_catalog/main/images/o_novo_sempre_vem.jpg,O novo sempre vem,Carol Ito,Conrad,2024,11.32,HQ para todos,0,32,Collection,no
0,Quadrinhos,https://raw.githubusercontent.com/a-ruivo/books_catalog/main/images/9mm_de_distancia.jpg,9mm de distância,Paulo Bruno,Conrad,2023,12.5,HQ para todos,0,32,Collection,no
0,Quadrinhos,https://raw.githubusercontent.com/a-ruivo/books_catalog/main/images/a_sala_de_espera_da_europa.jpg,A sala de espera da europa,Paulo Bruno,Conrad,2023,10.0,HQ para todos,0,32,Collection,no
0,Quadrinhos,https://raw.githubusercontent.com/a-ruivo/books_catalog/main/images/a_noite_dos_palhacos_mudos.jpg,A noite dos palhaços mudos,Laerte,Conrad,2023,11.2,HQ para todos,0,32,Collection,no
0,Quadrinhos,https://raw.githubusercontent.com/a-ruivo/books_catalog/main/images/uma_vida_chinesa_1.jpg,Uma vida chinesa 1,P. Ôtie,martinsfontes,2015,25.33,Uma vida chinesa,1,252,Collection,no
0,Quadrinhos,https://raw.githubusercontent.com/a-ruivo/books_catalog/main/images/uma_vida_chinesa_2.jpg,Uma vida chinesa 2,P. Ôtie,martinsfontes,2015,29.0,Uma vida chinesa,1,193,Collection,no
0,Quadrinhos,https://raw.githubusercontent.com/a-ruivo/books_catalog/main/images/uma_vida_chinesa_3.jpg,Uma vida chinesa 3,P. Ôtie,martinsfontes,2015,113.54,Uma vida chinesa,3,267,Collection,no
0,Quadrinhos,https://raw.githubusercontent.com/a-ruivo/books_catalog/main/images/o_arabe_do_futuro_4.jpg,O árabe do futuro 4,Raid Sattouf,Intrínseca,2020,42.63,O Árabe do futuro,4,228,Collection,no
0,Quadrinhos,https://raw.githubusercontent.com/a-ruivo/books_catalog/main/images/o_alcazar.jpg,O alcazar,Simon Lamouret,Nemo,2021,46.9,No collection,0,201,Collection,no
0,Quadrinhos,https://raw.githubusercontent.com/a-ruivo/books_catalog/main/images/o_mundo_de_aisha.jpg,O mundo de aisha,Ugo Bertotti,Nemo,2020,32.0,No collection,0,135,Collection,no
0,Quadrinhos,https://raw.githubusercontent.com/a-ruivo/books_catalog/main/images/kobane_calling.jpg,Kobane Calling,Zerocalcare,Nemo,2017,34.9,No collection,0,263,Collection,no
0,Quadrinhos,https://raw.githubusercontent.com/a-ruivo/books_catalog/main/images/persepolis_completo.jpg,Persépolis completo,Marjane Satrapi,Quadrinhos na cia,2007,62.56,No collection,0,200,Collection,no
0,Quadrinhos,https://raw.githubusercontent.com/a-ruivo/books_catalog/main/images/a_diferenca_invisivel.jpg,A diferença invisível,Mademoiselle Caroline,Nemo,2021,30.0,No collection,0,191,Collection,no
0,Quadrinhos,https://raw.githubusercontent.com/a-ruivo/books_catalog/main/images/memorias_de_um_freixo.jpg,Memórias de um freixo,Kun-Woong Park,Conrad,2021,35.0,No collection,0,304,Collection,no
0,Quadrinhos,https://raw.githubusercontent.com/a-ruivo/books_catalog/main/images/os_melhores_inimigos_1.jpg,Os melhores inimigos 1,Jean-Pierre Filiu,Ática,2012,23.22,Os melhores inimigos,1,128,Collection,no
0,Quadrinhos,https://raw.githubusercontent.com/a-ruivo/books_catalog/main/images/reportagens.jpg,Reportagens,Joe Sacco,Quadrinhos na cia,2016,40.0,No collection,0,195,Collection,no
0,Quadrinhos,https://raw.githubusercontent.com/a-ruivo/books_catalog/main/images/fax_de_sarajevo.jpg,Fax de Sarajevo,Joe Kubert,Quadrinhos Via Leitura,2016,79.9,No collection,0,207,Collection,no
0,Quadrinhos,https://raw.githubusercontent.com/a-ruivo/books_catalog/main/images/a_infancia_do_brasil.jpg,A infância do Brasil,José Aguiar,Quadrinhos Via Leitura,2022,55.73,No collection,0,127,Collection,no
0,Quadrinhos,https://raw.githubusercontent.com/a-ruivo/books_catalog/main/images/berlim.jpg,Berlim,Jason Lutes,Veneta,2020,144.3,No collection,0,592,Collection,no
0,Quadrinhos,https://raw.githubusercontent.com/a-ruivo/books_catalog/main/images/o_fotografo_1.jpg,O fotógrafo 1,Emmanuel Guibert,Conrad,2006,32.13,O fotógrafo,1,86,Collection,no
0,Quadrinhos,https://raw.githubusercontent.com/a-ruivo/books_catalog/main/images/o_fotografo_2.jpg,O fotógrafo 2,Emmanuel Guibert,Conrad,2008,37.52,O fotógrafo,2,86,Collection,no
0,Quadrinhos,https://raw.githubusercontent.com/a-ruivo/books_catalog/main/images/o_fotografo_3.jpg,O fotógrafo 3,Emmanuel Guibert,Conrad,2010,41.32,O fotógrafo,3,86,Collection,no
0,Quadrinhos,https://raw.githubusercontent.com/a-ruivo/books_catalog/main/images/eles_nos_chamavam_de_inimigo.jpg,Eles nos chamavam de inimigo,George Takei,Devir,2019,64.75,No collection,0,205,Collection,no
0,Quadrinhos,https://raw.githubusercontent.com/a-ruivo/books_catalog/main/images/pyongyang.jpg,Pyongyang,Guy Delisle,Zarabatana,2007,26.0,No collection,0,192,Collection,no
0,Quadrinhos,https://raw.githubusercontent.com/a-ruivo/books_catalog/main/images/shenzen.jpg,Shenzen,Guy Delisle,Zarabatana,2009,32.97,No collection,0,160,Collection,no
0,Quadrinhos,https://raw.githubusercontent.com/a-ruivo/books_catalog/main/images/um_cadaver_no_rio_imjin.jpg,Um cadáver no rio imjin,Harvey Kurtzman,Veneta,2022,0.0,No collection,0,264,Collection,no
0,Outros,https://raw.githubusercontent.com/a-ruivo/books_catalog/main/images/cidades_ilustradas_curitiba.jpg,Cidades ilustradas Curitiba,Cesar Lobo,Casa 21,2004,105.0,Cidades ilustradas,0,50,Collection,no
0,Quadrinhos,https://raw.githubusercontent.com/a-ruivo/books_catalog/main/images/metamaus.jpg,Metamaus,Art Spiegelman,Quadrinhos na cia,2022,241.17,No collection,0,299,Collection,no
0,Quadrinhos,https://raw.githubusercontent.com/a-ruivo/books_catalog/main/images/os_anos_allende.jpg,Os anos allende,Carlos Reyes,Zarabatana,2021,40.07,No collection,0,128,Collection,no
0,Quadrinhos,https://raw.githubusercontent.com/a-ruivo/books_catalog/main/images/quadrinhos_queer.jpg,Quadrinhos queer,Carlos Reyes,Skript,2020,80.08,No collection,0,300,Collection,no
0,Quadrinhos,https://raw.githubusercontent.com/a-ruivo/books_catalog/main/images/nao_era_voce_que_eu_esperava.jpg,Não era você que eu esperava,Fabien Toulme,Nemo,2022,54.0,No collection,0,244,Collection,no
0,Quadrinhos,https://raw.githubusercontent.com/a-ruivo/books_catalog/main/images/maus.jpg,Maus,Fabien Toulme,Quadrinhos na cia,2009,72.23,No collection,0,295,Collection,no
0,Mangás,https://raw.githubusercontent.com/a-ruivo/books_catalog/main/images/bambi_1.jpg,Bambi 1,Atsushi Kaneko,Conrad,2006,19.56,Bambi,1,198,Collection,no
0,Mangás,https://raw.githubusercontent.com/a-ruivo/books_catalog/main/images/nana_1.jpg,Nana 1,Ai Yazawa,JBC,2022,55.16,Nana,1,180,Collection,no
0,Mangás,https://raw.githubusercontent.com/a-ruivo/books_catalog/main/images/ryuko.jpg,Ryuko,Eldo Yoshimizu,JBC,2023,35.38,No collection,0,300,Collection,no
0,Mangás,https://raw.githubusercontent.com/a-ruivo/books_catalog/main/images/one_piece_blue.jpg,One piece blue,Eichiro Oda,Panini,2015,67.02,One Piece,0,100,Collection,no
0,Mangás,https://raw.githubusercontent.com/a-ruivo/books_catalog/main/images/one_piece_red.jpg,One piece red,Eichiro Oda,Panini,2022,323.98,One Piece,0,100,Collection,no
0,Mangás,https://raw.githubusercontent.com/a-ruivo/books_catalog/main/images/one_piece_yellow.jpg,One piece yellow,Eichiro Oda,Panini,2025,24.9,One Piece,0,300,Collection,no
0,Mangás,https://raw.githubusercontent.com/a-ruivo/books_catalog/main/images/one_piece_1.jpg,One piece 3 em 1 1,Eichiro Oda,Panini,2024,107.27,One Piece,1,900,Collection,no
0,Mangás,https://raw.githubusercontent.com/a-ruivo/books_catalog/main/images/one_piece_2.jpg,One piece 3 em 1 2,Eichiro Oda,Panini,2024,74.93,One Piece,2,900,Collection,no
0,Mangás,https://raw.githubusercontent.com/a-ruivo/books_catalog/main/images/one_piece_3.jpg,One piece 3 em 1 3,Eichiro Oda,Panini,2024,74.95,One Piece,3,900,Collection,no
0,Mangás,https://raw.githubusercontent.com/a-ruivo/books_catalog/main/images/one_piece_4.jpg,One piece 3 em 1 4,Eichiro Oda,Panini,2024,39.54,One Piece,4,900,Collection,no
0,Mangás,https://raw.githubusercontent.com/a-ruivo/books_catalog/main/images/one_piece_5.jpg,One piece 3 em 1 5,Eichiro Oda,Panini,2024,140.6,One Piece,5,900,Collection,no
0,Mangás,https://raw.githubusercontent.com/a-ruivo/books_catalog/main/images/one_piece_6.jpg,One piece 3 em 1 6,Eichiro Oda,Panini,2024,45.32,One Piece,6,900,Collection,no
0,Mangás,https://raw.githubusercontent.com/a-ruivo/books_catalog/main/images/one_piece_7.jpg,One piece 3 em 1 7,Eichiro Oda,Panini,2024,36.67,One Piece,7,900,Collection,no
0,Mangás,https://raw.githubusercontent.com/a-ruivo/books_catalog/main/images/one_piece_8.jpg,One piece 3 em 1 8,Eichiro Oda,Panini,2024,43.63,One Piece,8,900,Collection,no
0,Mangás,https://raw.githubusercontent.com/a-ruivo/books_catalog/main/images/one_piece_9.jpg,One piece 3 em 1 9,Eichiro Oda,Panini,2024,52.13,One Piece,9,900,Collection,no
0,Mangás,https://raw.githubusercontent.com/a-ruivo/books_catalog/main/images/one_piece_10.jpg,One piece 3 em 1 10,Eichiro Oda,Panini,2024,31.52,One Piece,10,900,Collection,no
0,Mangás,https://raw.githubusercontent.com/a-ruivo/books_catalog/main/images/one_piece_11.jpg,One piece 3 em 1 11,Eichiro Oda,Panini,2024,48.93,One Piece,11,900,Collection,no
0,Mangás,https://raw.githubusercontent.com/a-ruivo/books_catalog/main/images/one_piece_12.jpg,One piece 3 em 1 12,Eichiro Oda,Panini,2024,46.5,One Piece,12,900,Collection,no
0,Mangás,https://raw.githubusercontent.com/a-ruivo/books_catalog/main/images/one_piece_13.jpg,One piece 3 em 1 13,Eichiro Oda,Panini,2024,52.75,One Piece,13,900,Collection,no
0,Mangás,https://raw.githubusercontent.com/a-ruivo/books_catalog/main/images/one_piece_14.jpg,One piece 3 em 1 14,Eichiro Oda,Panini,2024,41.96,One Piece,14,900,Collection,no
0,Mangás,https://raw.githubusercontent.com/a-ruivo/books_catalog/main/images/one_piece_15.jpg,One piece 3 em 1 15,Eichiro Oda,Panini,2024,26.6,One Piece,15,900,Collection,no
0,Mangás,https://raw.githubusercontent.com/a-ruivo/books_catalog/main/images/one_piece_16.jpg,One piece 3 em 1 16,Eichiro Oda,Panini,2024,44.98,One Piece,16,900,Collection,no
0,Mangás,https://raw.githubusercontent.com/a-ruivo/books_catalog/main/images/one_piece_17.jpg,One piece 3 em 1 17,Eichiro Oda,Panini,2024,31.37,One Piece,17,900,Collection,no
0,Teoria da literatura/linguística,https://raw.githubusercontent.com/a-ruivo/books_catalog/main/images/the_dictionary_of_imaginary_places.jpg,The dictionary of imaginary places,Alberto Manguel,Harper Collins,1999,96.61,No collection,0,755,Collection,no
0,Quadrinhos,https://raw.githubusercontent.com/a-ruivo/books_catalog/main/images/calvin_e_haroldo__os_dias_estao_simplesmente_lotados.jpg,Calvin e Haroldo: Os dias estão simplesmente lotados,Bill Watterson,Best,1995,47.49,Calvin e Haroldo,2,79,Collection,no
0,Mangás,https://raw.githubusercontent.com/a-ruivo/books_catalog/main/images/divina_comedia.jpg,Divina Comédia 1 - Mangá,Go Nagai,New Pop,2000,45.0,Divina Comédia,1,358,Collection,no
0,Mangás,https://raw.githubusercontent.com/a-ruivo/books_catalog/main/images/divina_comedia_2_-_manga.jpg,Divina Comédia 2 - Mangá,Go Nagai,New Pop,2000,45.0,Divina Comédia,2,408,Collection,no
0,Mangás,https://raw.githubusercontent.com/a-ruivo/books_catalog/main/images/nausicaa_1.jpg,Nausicaa 1,Hayao Miyazaki,JBC,2022,52.25,Nausicaa,1,132,Collection,no
0,Mangás,https://raw.githubusercontent.com/a-ruivo/books_catalog/main/images/nausicaa_2.jpg,Nausicaa 2,Hayao Miyazaki,JBC,2022,32.0,Nausicaa,2,132,Collection,no
0,Mangás,https://raw.githubusercontent.com/a-ruivo/books_catalog/main/images/nausicaa_3.jpg,Nausicaa 3,Hayao Miyazaki,JBC,2022,58.5,Nausicaa,3,132,Collection,no
0,Mangás,https://raw.githubusercontent.com/a-ruivo/books_catalog/main/images/nausicaa_4.jpg,Nausicaa 4,Hayao Miyazaki,JBC,2022,43.25,Nausicaa,4,132,Collection,no
0,Mangás,https://raw.githubusercontent.com/a-ruivo/books_catalog/main/images/nausicaa_5.jpg,Nausicaa 5,Hayao Miyazaki,JBC,2022,44.13,Nausicaa,5,132,Collection,no
0,Mangás,https://raw.githubusercontent.com/a-ruivo/books_catalog/main/images/diario_dos_gatos.jpg,Diário dos gatos,Junji Ito,JBC,2022,34.27,No collection,0,109,Collection,no
0,Mangás,https://raw.githubusercontent.com/a-ruivo/books_catalog/main/images/lady_snowblood_1.jpg,Lady Snowblood 1,Kazuo Koike,Panini,2021,42.73,Lady Snowblood,1,280,Collection,no
0,Mangás,https://raw.githubusercontent.com/a-ruivo/books_catalog/main/images/lady_snowblood_2.jpg,Lady Snowblood 2,Kazuo Koike,Panini,2020,22.97,Lady Snowblood,2,280,Collection,no
0,Mangás,https://raw.githubusercontent.com/a-ruivo/books_catalog/main/images/lady_snowblood_3.jpg,Lady Snowblood 3,Kazuo Koike,Panini,2020,39.46,Lady Snowblood,3,280,Collection,no
0,Mangás,https://raw.githubusercontent.com/a-ruivo/books_catalog/main/images/lady_snowblood_4.jpg,Lady Snowblood 4,Kazuo Koike,Panini,2020,70.35,Lady Snowblood,4,280,Collection,no
0,Mangás,https://raw.githubusercontent.com/a-ruivo/books_catalog/main/images/gen_pes_descalcos_1.jpg,Gen Pés Descalços 1,Keiji Nakazawa,Conrad,2020,22.19,Gen Pés Descalços,1,270,Collection,no
0,Mangás,https://raw.githubusercontent.com/a-ruivo/books_catalog/main/images/gen_pes_descalcos_2.jpg,Gen Pés Descalços 2,Keiji Nakazawa,Conrad,2020,25.54,Gen Pés Descalços,2,270,Collection,no
0,Mangás,https://raw.githubusercontent.com/a-ruivo/books_catalog/main/images/gen_pes_descalcos_3.jpg,Gen Pés Descalços 3,Keiji Nakazawa,Conrad,2020,25.91,Gen Pés Descalços,3,270,Collection,no
0,Mangás,https://raw.githubusercontent.com/a-ruivo/books_catalog/main/images/gen_pes_descalcos_4.jpg,Gen Pés Descalços 4,Keiji Nakazawa,Conrad,2020,20.44,Gen Pés Descalços,4,270,Collection,no
0,Mangás,https://raw.githubusercontent.com/a-ruivo/books_catalog/main/images/gen_pes_descalcos_5.jpg,Gen Pés Descalços 5,Keiji Nakazawa,Conrad,2020,22.95,Gen Pés Descalços,5,270,Collection,no
0,Mangás,https://raw.githubusercontent.com/a-ruivo/books_catalog/main/images/gen_pes_descalcos_6.jpg,Gen Pés Descalços 6,Keiji Nakazawa,Conrad,2020,18.43,Gen Pés Descalços,6,270,Collection,no
0,Mangás,https://raw.githubusercontent.com/a-ruivo/books_catalog/main/images/gen_pes_descalcos_7.jpg,Gen Pés Descalços 7,Keiji Nakazawa,Conrad,2020,15.96,Gen Pés Descalços,7,270,Collection,no
0,Mangás,https://raw.githubusercontent.com/a-ruivo/books_catalog/main/images/gen_pes_descalcos_8.jpg,Gen Pés Descalços 8,Keiji Nakazawa,Conrad,2020,22.56,Gen Pés Descalços,8,270,Collection,no
0,Mangás,https://raw.githubusercontent.com/a-ruivo/books_catalog/main/images/gen_pes_descalcos_9.jpg,Gen Pés Descalços 9,Keiji Nakazawa,Conrad,2020,24.95,Gen Pés Descalços,9,270,Collection,no
0,Mangás,https://raw.githubusercontent.com/a-ruivo/books_catalog/main/images/gen_pes_descalcos_10.jpg,Gen Pés Descalços 10,Keiji Nakazawa,Conrad,2020,32.28,Gen Pés Descalços,10,270,Collection,no
0,Mangás,https://raw.githubusercontent.com/a-ruivo/books_catalog/main/images/patrulha_estelar_yamato_-_edicao_historica.jpg,Patrulha estelar Yamato - Edição histórica,Leiji Matsumoto,New Pop,2020,0.0,Edição histórica,0,643,Collection,no
0,Mangás,https://raw.githubusercontent.com/a-ruivo/books_catalog/main/images/vampire_knight_1.jpg,Vampire Knight 1,Matsuri Hino,Panini,2004,24.12,Vampire Knight,1,100,Collection,no
0,Mangás,https://raw.githubusercontent.com/a-ruivo/books_catalog/main/images/vampire_knight_2.jpg,Vampire Knight 2,Matsuri Hino,Panini,2004,27.13,Vampire Knight,2,100,Collection,no
0,Mangás,https://raw.githubusercontent.com/a-ruivo/books_catalog/main/images/vampire_knight_6.jpg,Vampire Knight 6,Matsuri Hino,Panini,2004,27.23,Vampire Knight,6,100,Collection,no
0,Mangás,https://raw.githubusercontent.com/a-ruivo/books_catalog/main/images/sunny_sunny_ann.jpg,Sunny Sunny Ann,Miki Yamamoto,JBC,2012,35.58,No collection,0,100,Collection,no
0,Mangás,https://raw.githubusercontent.com/a-ruivo/books_catalog/main/images/ela_e_o_seu_gato.jpg,Ela e o seu gato,Makoto Shinkai,New Pop,2012,21.53,No collection,0,100,Collection,no
0,Mangás,https://raw.githubusercontent.com/a-ruivo/books_catalog/main/images/code_geass_1.jpg,Code Geass 1,Ichirou Ohkouchi,JBC,2006,48.58,Code Geass,0,100,Collection,no
0,Mangás,https://raw.githubusercontent.com/a-ruivo/books_catalog/main/images/madoka_magica_3.jpg,Madoka Magica 3,Magica Quartet,New Pop,2012,156.49,Madoka Magica,3,100,Collection,no
0,Mangás,https://raw.githubusercontent.com/a-ruivo/books_catalog/main/images/madoka_magica_2.jpg,Madoka Magica 2,Magica Quartet,New Pop,2012,31.9,Madoka Magica,2,100,Collection,no
0,Mangás,https://raw.githubusercontent.com/a-ruivo/books_catalog/main/images/madoka_magica_1.jpg,Madoka Magica 1,Magica Quartet,New Pop,2012,100.0,Madoka Magica,1,100,Collection,no
0,Mangás,https://raw.githubusercontent.com/a-ruivo/books_catalog/main/images/suzune_magica_3.jpg,Suzune Magica 3,Magica Quartet,New Pop,2012,13.6,Madoka Magica,3,100,Collection,no
0,Mangás,https://raw.githubusercontent.com/a-ruivo/books_catalog/main/images/suzune_magica_2.jpg,Suzune Magica 2,Magica Quartet,New Pop,2012,12.45,Madoka Magica,2,100,Collection,no
0,Mangás,https://raw.githubusercontent.com/a-ruivo/books_catalog/main/images/suzune_magica_1.jpg,Suzune Magica 1,Magica Quartet,New Pop,2012,36.0,Madoka Magica,1,100,Collection,no
0,Mangás,https://raw.githubusercontent.com/a-ruivo/books_catalog/main/images/vampiros.jpg,Vampiros,Osamu Tezuka,Pipoca e Nanquim,2012,84.62,No collection,0,588,Collection,no
0,Mangás,https://raw.githubusercontent.com/a-ruivo/books_catalog/main/images/ayako.jpg,Ayako,Osamu Tezuka,Veneta,2012,90.0,No collection,0,588,Collection,no
0,Mangás,https://raw.githubusercontent.com/a-ruivo/books_catalog/main/images/cowboy_bepop_4.jpg,Cowboy Bepop 4,Yutaka Nanten,JBC,1999,464.4,Cowboy Bepop,4,70,Collection,no
0,Mangás,https://raw.githubusercontent.com/a-ruivo/books_catalog/main/images/cowboy_bepop_6.jpg,Cowboy Bepop 6,Yutaka Nanten,JBC,1999,257.15,Cowboy Bepop,6,70,Collection,no
0,Mangás,https://raw.githubusercontent.com/a-ruivo/books_catalog/main/images/usagi_yojimbo.jpg,Usagi Yojimbo,Stan Sakai,Via Lettera,1988,33.53,Usagi Yojimbo,0,100,Collection,no
0,Mangás,https://raw.githubusercontent.com/a-ruivo/books_catalog/main/images/vida_a_deriva.jpg,Vida à deriva 2,Yoshihiro Tatsumi,Veneta,2021,159.87,Vida à deriva,2,400,Collection,no
0,Mangás,https://raw.githubusercontent.com/a-ruivo/books_catalog/main/images/vida_a_deriva_1.jpg,Vida à deriva 1,Yoshihiro Tatsumi,Veneta,2021,127.45,Vida à deriva,1,400,Collection,no
0,Crônicas,https://raw.githubusercontent.com/a-ruivo/books_catalog/main/images/sete_anos.jpg,Sete anos,Fernanda Torres,Companhia das Letras,2014,23.12,No collection,0,200,Collection,no
0,Contos,https://raw.githubusercontent.com/a-ruivo/books_catalog/main/images/contos_e_lendas_da_europa_medieval.jpg,Contos e lendas da europa medieval,Gilles Massardier,Companhia das Letras,2005,15.52,No collection,0,200,Collection,no
0,Contos,https://raw.githubusercontent.com/a-ruivo/books_catalog/main/images/contos_e_lendas_da_mitologia_grega.jpg,Contos e lendas da mitologia grega,Claude Pouzadoux,Companhia das Letras,2005,22.76,No collection,0,200,Collection,no
0,Romance,https://raw.githubusercontent.com/a-ruivo/books_catalog/main/images/the_graveyard_book.jpg,The graveyard book,Niel Gaiman,Harper Collins,2008,30.99,No collection,0,312,Collection,no
0,Crônicas,https://raw.githubusercontent.com/a-ruivo/books_catalog/main/images/bons_dias_.jpg,Bons dias!,Machado de Assis,Unicamp,2008,29.56,No collection,0,300,Collection,no
0,Romance,https://raw.githubusercontent.com/a-ruivo/books_catalog/main/images/azul_cobalto.jpg,Azul Cobalto,Maria Teresa Horta,Oficina Raquel,2014,26.95,No collection,0,200,Collection,no
0,Contos,https://raw.githubusercontent.com/a-ruivo/books_catalog/main/images/the_dangers_of_smoking_in_bed.jpg,The dangers of smoking in bed,Mariana Henriquez,Granta,2017,229.99,No collection,0,200,Collection,no
0,Contos,https://raw.githubusercontent.com/a-ruivo/books_catalog/main/images/o_vilarejo.jpg,O vilarejo,Raphael Montes,Suma,2015,47.1,No collection,0,200,Collection,no
0,Contos,https://raw.githubusercontent.com/a-ruivo/books_catalog/main/images/fairy_tales.jpg,Fairy Tales,Hans Andersen,Suma,1998,27.89,No collection,0,300,Collection,no
0,Contos,https://raw.githubusercontent.com/a-ruivo/books_catalog/main/images/secrecoes__excrecoes_e_desatinos.jpg,"Secreções, excreções e desatinos",Rubem Fonseca,Companhia das Letras,2001,17.94,No collection,0,150,Collection,no
0,Contos,https://raw.githubusercontent.com/a-ruivo/books_catalog/main/images/todos_os_contos.jpg,Todos os contos,Clarice Lispector,Rocco,2016,117.06,No collection,0,650,Collection,no
0,Contos,https://raw.githubusercontent.com/a-ruivo/books_catalog/main/images/passaporte_para_a_china.jpg,Passaporte para a China,Lygia Faundes Telles,Companhia das Letras,2011,25.0,No collection,0,90,Collection,no
0,Contos,https://raw.githubusercontent.com/a-ruivo/books_catalog/main/images/a_noite_escura_e_mais_eu.jpg,A noite escura e mais eu,Lygia Faundes Telles,Companhia das Letras,2011,25.0,No collection,0,90,Collection,no
0,Contos,https://raw.githubusercontent.com/a-ruivo/books_catalog/main/images/antes_do_baile_verde.jpg,Antes do baile verde,Lygia Faundes Telles,Companhia das Letras,2011,36.57,No collection,0,100,Collection,no
0,Contos,https://raw.githubusercontent.com/a-ruivo/books_catalog/main/images/seminario_dos_ratos.jpg,Seminário dos ratos,Lygia Faundes Telles,Companhia das Letras,2011,30.95,No collection,0,100,Collection,no
0,Contos,https://raw.githubusercontent.com/a-ruivo/books_catalog/main/images/a_disciplina_do_amor.jpg,A disciplina do amor,Lygia Faundes Telles,Companhia das Letras,2011,34.15,No collection,0,100,Collection,no
0,Contos,https://raw.githubusercontent.com/a-ruivo/books_catalog/main/images/contos_e_lendas_dos_cavaleiros_da_tavola_redonda.jpg,Contos e lendas dos cavaleiros da távola redonda,Jacqueline Mirande,Companhia das Letras,2005,16.63,No collection,0,100,Collection,no
0,Contos,https://raw.githubusercontent.com/a-ruivo/books_catalog/main/images/rastejando_ate_belem.jpg,Rastejando até belém,Joan Didion,Todavia,2005,35.5,No collection,0,100,Collection,no
0,Contos,https://raw.githubusercontent.com/a-ruivo/books_catalog/main/images/historias_extraordinarias.jpg,Histórias Extraordinárias,Fernando Bonassi,Conrad,2005,17.51,No collection,0,100,Collection,no
0,Contos,https://raw.githubusercontent.com/a-ruivo/books_catalog/main/images/historias_extraordinarias_.jpg,Histórias Extraordinárias_,Edgar Allan Poe,Nova Fronteira,2005,18.3,No collection,0,100,Collection,no
0,Contos,https://raw.githubusercontent.com/a-ruivo/books_catalog/main/images/contos_de_fantasmas.jpg,Contos de fantasmas,Daniel Defoe,L&PM,2005,16.21,No collection,0,100,Collection,no
0,Contos,https://raw.githubusercontent.com/a-ruivo/books_catalog/main/images/o_corvo__corvos_e_o_outro_corvo.jpg,"O corvo, corvos e o outro corvo",Edgar Allan Poe,UFSC,2005,17.84,No collection,0,100,Collection,no
0,Contos,https://raw.githubusercontent.com/a-ruivo/books_catalog/main/images/amalgama.jpg,Amálgama,Rubem Fonseca,Nova Fronteira,2005,41.17,No collection,0,100,Collection,no
0,Contos,https://raw.githubusercontent.com/a-ruivo/books_catalog/main/images/o_diabo_e_outras_historias.jpg,O diabo e outras histórias,Liev Tolstói,Companhia das Letras,2005,57.0,No collection,0,100,Collection,no
0,Mangás,https://raw.githubusercontent.com/a-ruivo/books_catalog/main/images/kimba.jpg,Kimba,Osamu Tezuka,No publisher,0,45.63,Edição histórica,0,0,Wishlist,no
0,Mangás,https://raw.githubusercontent.com/a-ruivo/books_catalog/main/images/cutie_honey.jpg,Cutie Honey,Go Nagai,No publisher,0,75.92,Edição histórica,0,0,Wishlist,no
0,Mangás,https://raw.githubusercontent.com/a-ruivo/books_catalog/main/images/devilman_2.jpg,Devilman 2,Go Nagai,No publisher,0,487.5,Edição histórica,2,0,Wishlist,no
0,Mangás,https://raw.githubusercontent.com/a-ruivo/books_catalog/main/images/devilman_1.jpg,Devilman 1,Go Nagai,No publisher,0,438.15,Devilman,1,0,Wishlist,no
0,Teoria da literatura/linguística,https://raw.githubusercontent.com/a-ruivo/books_catalog/main/images/e_o_cerebro_criou_o_homem.jpg,E o cérebro criou o homem,Antonio R. Damásio,No publisher,0,108.81,No collection,0,0,Wishlist,no
0,Poesia,https://raw.githubusercontent.com/a-ruivo/books_catalog/main/images/sobrevivendo_no_inferno.jpg,Sobrevivendo no inferno,Racionais Mc's,Companhia das Letras,0,41.17,No collection,0,0,Collection,no
0,Poesia,https://raw.githubusercontent.com/a-ruivo/books_catalog/main/images/poemas.jpg,Poemas,T. S. Eliot,Companhia das Letras,0,29.46,No collection,0,0,Collection,no
0,Poesia,https://raw.githubusercontent.com/a-ruivo/books_catalog/main/images/lira_dos_vinte_anos.jpg,Lira dos vinte anos,Álvares de Azevedo,L&PM,0,13.41,No collection,0,0,Collection,no
0,Poesia,https://raw.githubusercontent.com/a-ruivo/books_catalog/main/images/cem_sonetos_de_amor.jpg,Cem sonetos de amor,Pablo Neruda,L&PM,0,13.62,No collection,0,0,Collection,no
0,Poesia,https://raw.githubusercontent.com/a-ruivo/books_catalog/main/images/poemas_italianos.jpg,Poemas italianos,Cecília Meireles,Global,0,50.0,No collection,0,0,Collection,no
0,Poesia,https://raw.githubusercontent.com/a-ruivo/books_catalog/main/images/morte_e_vida_severina.jpg,Morte e vida severina,João Cabral de Melo Neto,José Olympio,0,40.98,No collection,0,0,Collection,no
0,Contos,https://raw.githubusercontent.com/a-ruivo/books_catalog/main/images/ghost_stories.jpg,Ghost Stories,M. R. James,José Olympio,0,44.64,No collection,0,0,Collection,no
0,Poesia,https://raw.githubusercontent.com/a-ruivo/books_catalog/main/images/toda_poesia.jpg,Toda poesia,Paulo Leminski,Companhia das Letras,0,215.52,No collection,0,0,Collection,no
0,Poesia,https://raw.githubusercontent.com/a-ruivo/books_catalog/main/images/antologia_poetica.jpg,Antologia Poética,Luci Collin,Kotter,0,40.56,Antologicos,0,0,Collection,no
0,Romance,https://raw.githubusercontent.com/a-ruivo/books_catalog/main/images/o_mochileiro_das_galaxias_5.jpg,O mochileiro das galáxias 5,Douglas Adams,Arqueiro,0,33.49,O mochileiro das galáxias,5,0,Collection,no
0,Romance,https://raw.githubusercontent.com/a-ruivo/books_catalog/main/images/o_mochileiro_das_galaxias_4.jpg,O mochileiro das galáxias 4,Douglas Adams,Arqueiro,0,13.73,O mochileiro das galáxias,4,0,Collection,no
0,Romance,https://raw.githubusercontent.com/a-ruivo/books_catalog/main/images/o_mochileiro_das_galaxias_3.jpg,O mochileiro das galáxias 3,Douglas Adams,Arqueiro,0,18.56,O mochileiro das galáxias,3,0,Collection,no
0,Romance,https://raw.githubusercontent.com/a-ruivo/books_catalog/main/images/o_mochileiro_das_galaxias_2.jpg,O mochileiro das galáxias 2,Douglas Adams,Arqueiro,0,17.38,O mochileiro das galáxias,2,0,Collection,no
0,Romance,https://raw.githubusercontent.com/a-ruivo/books_catalog/main/images/o_mochileiro_das_galaxias_1.jpg,O mochileiro das galáxias 1,Douglas Adams,Arqueiro,0,24.51,O mochileiro das galáxias,1,0,Collection,no
0,Romance,https://raw.githubusercontent.com/a-ruivo/books_catalog/main/images/princesa_pop.jpg,Princesa pop,Rachel Cohn,Galera,0,14.54,No collection,0,0,Collection,no
0,Romance,https://raw.githubusercontent.com/a-ruivo/books_catalog/main/images/jornada_nas_estrelas__insurreicao.jpg,Jornada nas estrelas: insurreição,J. M. Dillard,Sci-fi,0,19.92,No collection,0,0,Collection,no
0,Romance,https://raw.githubusercontent.com/a-ruivo/books_catalog/main/images/avatar__a_ascensao_de_kyoshi.jpg,Avatar: A ascensão de Kyoshi,F. C. Yee,Planeta,0,52.64,Avatar,0,0,Collection,no
0,Romance,https://raw.githubusercontent.com/a-ruivo/books_catalog/main/images/avatar__a_escuridao_de_kyoshi.jpg,Avatar: A escuridão de Kyoshi,F. C. Yee,Planeta,0,55.88,Avatar,0,0,Collection,no
0,Romance,https://raw.githubusercontent.com/a-ruivo/books_catalog/main/images/halo__first_strike.jpg,Halo: First strike,Eric Nylund,Orbit,0,42.0,Halo,0,0,Collection,no
0,Romance,https://raw.githubusercontent.com/a-ruivo/books_catalog/main/images/querido_diario_otario_9.jpg,Querido diário otário 9,Jim Benton,Fundamento,0,47.3,Querido diário otário,0,0,Collection,no
0,Romance,https://raw.githubusercontent.com/a-ruivo/books_catalog/main/images/querido_diario_otario_5.jpg,Querido diário otário 5,Jim Benton,Fundamento,0,40.26,Querido diário otário,0,0,Collection,no
0,Romance,https://raw.githubusercontent.com/a-ruivo/books_catalog/main/images/na_pista_do_conde_krinkodemo.jpg,Na pista do conde krinkodemo,Gary Morecambe,Companhia das Letras,0,14.8,Conde Krinkodemo,1,0,Collection,no
0,Romance,https://raw.githubusercontent.com/a-ruivo/books_catalog/main/images/o_retorno_do_conde_krinkodemo.jpg,O retorno do conde krinkodemo,Gary Morecambe,Companhia das Letras,0,13.55,Conde Krinkodemo,2,0,Collection,no
0,Romance,https://raw.githubusercontent.com/a-ruivo/books_catalog/main/images/clube_da_luta.jpg,Clube da Luta,Chuck Palahniuk,Leya,0,93.79,No collection,0,0,Collection,no
0,Romance,https://raw.githubusercontent.com/a-ruivo/books_catalog/main/images/climax.jpg,Clímax,Chuck Palahniuk,Leya,0,22.93,No collection,0,0,Collection,no
0,Romance,https://raw.githubusercontent.com/a-ruivo/books_catalog/main/images/cronicas_das_guerras_de_lodoss_5.jpg,Crônicas das Guerras de Lodoss 5,Ryo Mizuno,New Pop,0,30.44,Crônicas das Guerras de Lodoss,5,0,Collection,no
0,Romance,https://raw.githubusercontent.com/a-ruivo/books_catalog/main/images/cronicas_das_guerras_de_lodoss_4.jpg,Crônicas das Guerras de Lodoss 4,Ryo Mizuno,New Pop,0,34.9,Crônicas das Guerras de Lodoss,4,0,Collection,no
0,Romance,https://raw.githubusercontent.com/a-ruivo/books_catalog/main/images/cronicas_das_guerras_de_lodoss_3.jpg,Crônicas das Guerras de Lodoss 3,Ryo Mizuno,New Pop,0,34.9,Crônicas das Guerras de Lodoss,3,0,Collection,no
0,Romance,https://raw.githubusercontent.com/a-ruivo/books_catalog/main/images/cronicas_das_guerras_de_lodoss_2.jpg,Crônicas das Guerras de Lodoss 2,Ryo Mizuno,New Pop,0,27.45,Crônicas das Guerras de Lodoss,2,0,Collection,no
0,Romance,https://raw.githubusercontent.com/a-ruivo/books_catalog/main/images/cronicas_das_guerras_de_lodoss_1.jpg,Crônicas das Guerras de Lodoss 1,Ryo Mizuno,New Pop,0,27.45,Crônicas das Guerras de Lodoss,1,0,Collection,no
0,Romance,https://raw.githubusercontent.com/a-ruivo/books_catalog/main/images/cronicas_das_guerras_de_lodoss_6.jpg,Crônicas das Guerras de Lodoss 6,Ryo Mizuno,New Pop,0,32.44,Crônicas das Guerras de Lodoss,6,0,Collection,no
0,Romance,https://raw.githubusercontent.com/a-ruivo/books_catalog/main/images/cronicas_das_guerras_de_lodoss_7.jpg,Crônicas das Guerras de Lodoss 7,Ryo Mizuno,New Pop,0,44.95,Crônicas das Guerras de Lodoss,7,0,Collection,no
0,Romance,https://raw.githubusercontent.com/a-ruivo/books_catalog/main/images/depois_daquela_viagem.jpg,Depois daquela viagem,Valéria Piassa Polizzi,Ática,0,16.63,No collection,0,0,Collection,no
0,Romance,https://raw.githubusercontent.com/a-ruivo/books_catalog/main/images/coracao_de_tinta.jpg,Coração de tinta,Cornelia Funke,Companhia das Letras,0,37.48,Mundo de tinta,1,0,Collection,no
0,Romance,https://raw.githubusercontent.com/a-ruivo/books_catalog/main/images/o_senhor_dos_ladroes.jpg,O senhor dos ladrões,Cornelia Funke,Companhia das Letras,0,20.0,No collection,0,0,Collection,no
0,Infantil,https://raw.githubusercontent.com/a-ruivo/books_catalog/main/images/meu_primeiro_livro_do_corpo_humano.jpg,Meu primeiro livro do corpo humano,Mauricio de Sousa,Girassol,0,23.19,Turma da Mônica,0,0,Collection,no
0,Infantil,https://raw.githubusercontent.com/a-ruivo/books_catalog/main/images/o_grande_livro_de_libras.jpg,O grande livro de libras,Mauricio de Sousa,Camelot,0,18.59,Turma da Mônica,0,0,Collection,no
0,Infantil,https://raw.githubusercontent.com/a-ruivo/books_catalog/main/images/contos_de_andersen__grimm_e_perrault.jpg,"Contos de Andersen, Grimm e Perrault",Mauricio de Sousa,Girassol,0,22.77,Turma da Mônica,0,0,Collection,no
0,Infantil,https://raw.githubusercontent.com/a-ruivo/books_catalog/main/images/contos_da_carochinha.jpg,Contos da Carochinha,Mauricio de Sousa,Girassol,0,43.32,Turma da Mônica,0,0,Collection,no
0,Infantil,https://raw.githubusercontent.com/a-ruivo/books_catalog/main/images/fabulas_inesqueciveis.jpg,Fábulas Inesquecíveis,Mauricio de Sousa,Girassol,0,34.42,Turma da Mônica,0,0,Collection,no
0,Infantil,https://raw.githubusercontent.com/a-ruivo/books_catalog/main/images/fabulas.jpg,Fábulas,Liev Tolstói,Companhia das Letras,0,43.38,No collection,0,0,Collection,no
0,Infantil,https://raw.githubusercontent.com/a-ruivo/books_catalog/main/images/manual_do_cientista_do_franjinha.jpg,Manual do Cientista do Franjinha,Mauricio de Sousa,Globo,0,102.36,Turma da Mônica,0,0,Collection,no
0,Infantil,https://raw.githubusercontent.com/a-ruivo/books_catalog/main/images/cachorrologia.jpg,Cachorrologia,Felix Osborne,Pé da letra,0,21.18,No collection,0,0,Collection,no
0,Infantil,https://raw.githubusercontent.com/a-ruivo/books_catalog/main/images/gatologia.jpg,Gatologia,Ruby Foster,Pé da letra,0,17.2,No collection,0,0,Collection,no
0,Infantil,https://raw.githubusercontent.com/a-ruivo/books_catalog/main/images/the_neverending_story.jpg,The neverending story,Michael Ende,Firebird,0,70.0,No collection,0,0,Collection,no
0,Infantil,https://raw.githubusercontent.com/a-ruivo/books_catalog/main/images/a_volta_dos_gatos_alados.jpg,A volta dos gatos alados,Ursula K. Le Guin,Ática,0,39.0,Gatos alados,2,0,Collection,no
0,Infantil,https://raw.githubusercontent.com/a-ruivo/books_catalog/main/images/aventuras_e_perigos_de_um_copo_d_agua.jpg,Aventuras e perigos de um copo d'água,Julieta de Godoy Ladeira,Atual,0,15.24,No collection,0,0,Collection,no
0,Infantil,https://raw.githubusercontent.com/a-ruivo/books_catalog/main/images/gatos_alados.jpg,Gatos Alados,Ursula K. Le Guin,Ática,0,35.03,Gatos Alados,1,0,Collection,no
0,Infantil,https://raw.githubusercontent.com/a-ruivo/books_catalog/main/images/o_segredo_da_amizade.jpg,O segredo da amizade,Wagner Costa,Moderna,0,22.08,No collection,0,0,Collection,no
0,Infantil,https://raw.githubusercontent.com/a-ruivo/books_catalog/main/images/ciranda_do_tempo.jpg,Ciranda do tempo,Jussara Braga,Editora do Brasil,0,12.5,No collection,0,0,Collection,no
0,Infantil,https://raw.githubusercontent.com/a-ruivo/books_catalog/main/images/a_bolsa_amarela.jpg,A bolsa amarela,Lygia Bojunga,Agir,0,49.81,No collection,0,0,Collection,no
0,Infantil,https://raw.githubusercontent.com/a-ruivo/books_catalog/main/images/quando_tenho_medo.jpg,Quando tenho medo,Cornelia Maude Spelman,Todolivro,0,13.63,Como eu me sinto,0,0,Collection,no
0,Infantil,https://raw.githubusercontent.com/a-ruivo/books_catalog/main/images/quando_sinto_sua_falta.jpg,Quando sinto sua falta,Cornelia Maude Spelman,Todolivro,0,15.19,Como eu me sinto,0,0,Collection,no
0,Infantil,https://raw.githubusercontent.com/a-ruivo/books_catalog/main/images/quando_me_sinto_bem.jpg,Quando me sinto bem,Cornelia Maude Spelman,Todolivro,0,14.67,Como eu me sinto,0,0,Collection,no
0,Infantil,https://raw.githubusercontent.com/a-ruivo/books_catalog/main/images/quando_me_importo_com_os_outros.jpg,Quando me importo com os outros,Cornelia Maude Spelman,Todolivro,0,16.57,Como eu me sinto,0,0,Collection,no
0,Infantil,https://raw.githubusercontent.com/a-ruivo/books_catalog/main/images/quando_estou_zangado.jpg,Quando estou zangado,Cornelia Maude Spelman,Todolivro,0,13.53,Como eu me sinto,0,0,Collection,no
0,Infantil,https://raw.githubusercontent.com/a-ruivo/books_catalog/main/images/quando_estou_com_ciume.jpg,Quando estou com ciúme,Cornelia Maude Spelman,Todolivro,0,12.86,Como eu me sinto,0,0,Collection,no
0,Infantil,https://raw.githubusercontent.com/a-ruivo/books_catalog/main/images/quando_estou_triste.jpg,Quando estou triste,Cornelia Maude Spelman,Todolivro,0,22.7,Como eu me sinto,0,0,Collection,no
0,Infantil,https://raw.githubusercontent.com/a-ruivo/books_catalog/main/images/a_grande_caixa_de_livrinhos_do_bebe.jpg,A grande caixa de livrinhos do bebê,Janet e Allan Ahlberg,Companhia das Letras,0,80.91,No collection,0,0,Collection,no
0,Infantil,https://raw.githubusercontent.com/a-ruivo/books_catalog/main/images/ten_timid_ghosts.jpg,Ten Timid Ghosts,Jennifer O'Connell,Scholastic,0,24.99,No collection,0,0,Collection,no
0,Infantil,https://raw.githubusercontent.com/a-ruivo/books_catalog/main/images/nem_sonhando_.jpg,Nem sonhando!,Beatrice Alemagna,Companhia das Letras,0,33.61,No collection,0,0,Collection,no
0,Infantil,https://raw.githubusercontent.com/a-ruivo/books_catalog/main/images/ernesto.jpg,Ernesto,Blandina Franco,Companhia das Letras,0,112.09,No collection,0,0,Collection,no
0,Infantil,https://raw.githubusercontent.com/a-ruivo/books_catalog/main/images/bale__uma_introducao_para_criancas.jpg,Balé: uma introdução para crianças,Laura Lee,Panda,0,79.81,No collection,0,0,Collection,no
0,Infantil,https://raw.githubusercontent.com/a-ruivo/books_catalog/main/images/menino_brinca_de_boneca_.jpg,Menino brinca de boneca?,Marcos Ribeiro,Biblioteca da escola,0,17.42,No collection,0,0,Collection,no
0,Infantil,https://raw.githubusercontent.com/a-ruivo/books_catalog/main/images/o_grande_livro_do_medo.jpg,O grande livro do medo,Xavier Valls,Ciranda Cultura,0,21.0,No collection,0,0,Collection,no
0,Infantil,https://raw.githubusercontent.com/a-ruivo/books_catalog/main/images/um_gato_chamado_gatinho.jpg,Um gato chamado gatinho,Ferreira Gullar,Salamandra,0,24.57,No collection,0,0,Collection,no
0,Infantil,https://raw.githubusercontent.com/a-ruivo/books_catalog/main/images/o_sapo_batista.jpg,O sapo batista,Vanessa Kalil,Melhoramentos,0,14.32,No collection,0,0,Collection,no
0,Infantil,https://raw.githubusercontent.com/a-ruivo/books_catalog/main/images/que_frio_.jpg,Que frio!,Ronni dos Santos Oliveira,Scipione,0,13.61,No collection,0,0,Collection,no
0,Infantil,https://raw.githubusercontent.com/a-ruivo/books_catalog/main/images/o_grilinho_brincalhao.jpg,O grilinho brincalhão,Luzia Machado Brandão,Xuê,0,11.5,No collection,0,0,Collection,no
0,Infantil,https://raw.githubusercontent.com/a-ruivo/books_catalog/main/images/verde_te_quero_verde.jpg,Verde te quero verde,Esther González Bayón,Edelbra,0,49.24,No collection,0,0,Collection,no
0,Infantil,https://raw.githubusercontent.com/a-ruivo/books_catalog/main/images/as_aventuras_de_pedro_coelho.jpg,As aventuras de Pedro Coelho,Beatrix Potter,Edelbra,0,96.99,Pedro coelho,0,0,Collection,no
0,Infantil,https://raw.githubusercontent.com/a-ruivo/books_catalog/main/images/xuxa_e_os_duendes.jpg,Xuxa e os duendes,Marielise Ferreira,Edelbra,0,47.75,No collection,0,0,Collection,no
0,Infantil,https://raw.githubusercontent.com/a-ruivo/books_catalog/main/images/aventura_estelar.jpg,Aventura Estelar,Robert Schechter,Edelbra,0,15.7,Livro de histórias - Looney Tunes,0,0,Collection,no
0,Infantil,https://raw.githubusercontent.com/a-ruivo/books_catalog/main/images/o_novo_nariz_do_imperador.jpg,O novo nariz do imperador,Julie McNally,Edelbra,0,41.69,Livro de histórias - Looney Tunes,0,0,Collection,no
0,Infantil,https://raw.githubusercontent.com/a-ruivo/books_catalog/main/images/an_anthology_of_intriguing_animals.jpg,An anthology of intriguing Animals,Ben Hoare,DK,0,130.0,No collection,0,0,Collection,no
0,Infantil,https://raw.githubusercontent.com/a-ruivo/books_catalog/main/images/der_gestiefelte_kater.jpg,Der Gestiefelte Kater,Erich Kastner,Atrium Verlag,0,97.9,No collection,0,0,Collection,no
0,Infantil,https://raw.githubusercontent.com/a-ruivo/books_catalog/main/images/a_grande_aventura_de_guru.jpg,A grande aventura de guru,A. A. Milne,Brimar,0,10.0,O ursinho puff e seus amigos,0,0,Collection,no
0,Infantil,https://raw.githubusercontent.com/a-ruivo/books_catalog/main/images/historias_greco_romanas.jpg,Histórias greco romanas,Ana Maria Machado,FTD,0,35.37,Histórias de outras terras,0,0,Collection,no
0,Infantil,https://raw.githubusercontent.com/a-ruivo/books_catalog/main/images/historias_chinesas.jpg,Histórias chinesas,Ana Maria Machado,FTD,0,24.73,Histórias de outras terras,0,0,Collection,no
0,Infantil,https://raw.githubusercontent.com/a-ruivo/books_catalog/main/images/historias_russas.jpg,Histórias russas,Ana Maria Machado,FTD,0,48.3,Histórias de outras terras,0,0,Collection,no
0,Infantil,https://raw.githubusercontent.com/a-ruivo/books_catalog/main/images/magos__fadas_e_bruxas.jpg,"Magos, fadas e bruxas",Heloisa Prado,Companhia das Letras,0,10.0,No collection,0,0,Collection,no
0,Infantil,https://raw.githubusercontent.com/a-ruivo/books_catalog/main/images/o_gato_detetive.jpg,O gato detetive,Raul Drewnick,Lazuli,0,10.0,No collection,0,0,Collection,no
0,Infantil,https://raw.githubusercontent.com/a-ruivo/books_catalog/main/images/lig_e_o_gato_de_rabo_complicado.jpg,Lig e o gato de rabo complicado,Ana Miranda,Lazuli,0,60.0,No collection,0,0,Collection,no
0,Infantil,https://raw.githubusercontent.com/a-ruivo/books_catalog/main/images/eu_e_minha_mamae.jpg,Eu e minha mamãe,Alison Ritchie,Ciranda Cultural,0,30.19,No collection,0,0,Collection,no
0,Infantil,https://raw.githubusercontent.com/a-ruivo/books_catalog/main/images/os_pequenos_girassois_da_mamae.jpg,Os pequenos girassóis da mamãe,Angela McAllister,Ciranda Cultural,0,27.73,No collection,0,0,Collection,no
0,Infantil,https://raw.githubusercontent.com/a-ruivo/books_catalog/main/images/eu_e_o_meu_papai.jpg,Eu e o meu papai,Alison Ritchie,Ciranda Cultural,0,26.99,No collection,0,0,Collection,no
0,Infantil,https://raw.githubusercontent.com/a-ruivo/books_catalog/main/images/eu_consigo.jpg,Eu consigo,Tracey Corderoy,Ciranda Cultural,0,20.0,No collection,0,0,Collection,no
0,Infantil,https://raw.githubusercontent.com/a-ruivo/books_catalog/main/images/pooh_s_secret_garden.jpg,Pooh's Secret Garden,Catherine Hapka,Disney Press,0,20.5,No collection,0,0,Collection,no
0,Infantil,https://raw.githubusercontent.com/a-ruivo/books_catalog/main/images/meus_porquinhos.jpg,Meus porquinhos,Audrey Wood,Disney Press,0,10.0,No collection,0,0,Collection,no
0,Infantil,https://raw.githubusercontent.com/a-ruivo/books_catalog/main/images/aladim_e_outros_contos_de_as_mil_e_uma_noites.jpg,Aladim e outros contos de as mil e uma noites,Rosalind Kerven,Companhia das Letras,0,35.38,No collection,0,0,Collection,no
0,Romance,https://raw.githubusercontent.com/a-ruivo/books_catalog/main/images/a_bomba.jpg,A bomba,Frank Harris,Conrad,0,18.31,No collection,0,0,Collection,no
0,Romance,https://raw.githubusercontent.com/a-ruivo/books_catalog/main/images/sem_pecado.jpg,Sem Pecado,Ana Miranda,Companhia das Letras,0,18.59,No collection,0,0,Collection,no
0,Romance,https://raw.githubusercontent.com/a-ruivo/books_catalog/main/images/alabaster.jpg,Alabaster,Caitlin R. Kierman,Dark Horse,0,106.7,No collection,0,0,Collection,no
0,Romance,https://raw.githubusercontent.com/a-ruivo/books_catalog/main/images/triste_fim_de_policarpo_quaresma.jpg,Triste fim de policarpo quaresma,Lima Barreto,UFPR,0,12.48,No collection,0,0,Collection,no
0,Romance,https://raw.githubusercontent.com/a-ruivo/books_catalog/main/images/humilhados_e_ofendidos.jpg,Humilhados e ofendidos,Fiódor Dostoiévski,UFPR,0,31.34,No collection,0,0,Collection,no
0,Romance,https://raw.githubusercontent.com/a-ruivo/books_catalog/main/images/deuses_americanos.jpg,Deuses Americanos,Neil Gaiman,Intrínseca,0,41.91,No collection,0,0,Collection,no
0,Romance,https://raw.githubusercontent.com/a-ruivo/books_catalog/main/images/coisas_frageis_1.jpg,Coisas Frágeis 1,Niel Gaiman,Conrad,0,59.4,Coisas Frágeis,1,0,Collection,no
0,Romance,https://raw.githubusercontent.com/a-ruivo/books_catalog/main/images/coisas_frageis_2.jpg,Coisas Frágeis 2,Niel Gaiman,Conrad,0,24.29,Coisas Frágeis,2,0,Collection,no
0,Romance,https://raw.githubusercontent.com/a-ruivo/books_catalog/main/images/o_iluminado.jpg,O iluminado,Stephen King,Suma,0,120.98,No collection,0,0,Collection,no
0,Romance,https://raw.githubusercontent.com/a-ruivo/books_catalog/main/images/tudo_e_eventual.jpg,Tudo é eventual,Stephen King,Suma,0,61.01,No collection,0,0,Collection,no
0,Romance,https://raw.githubusercontent.com/a-ruivo/books_catalog/main/images/o_oceano_no_fim_do_caminho.jpg,O oceano no fim do caminho,Niel Gaiman,Intrínseca,0,25.99,No collection,0,0,Collection,no
0,Romance,https://raw.githubusercontent.com/a-ruivo/books_catalog/main/images/o_bebe_de_rosemary.jpg,O bebê de rosemary,Ira Levin,Darkside,0,42.0,No collection,0,0,Collection,no
0,Romance,https://raw.githubusercontent.com/a-ruivo/books_catalog/main/images/fogo_e_sangue.jpg,Fogo e Sangue,George R. R. Martin,Suma,0,90.47,Crônicas de gelo e fogo,0,0,Collection,no
